Bus Number,Bus Name,Departure,Destination,Day of Departure,In Between Stops,Distance (km),Fare (INR),Duration,Timing,Features,Seats,Type,AC,Sleeper,Contact Details,Ratings,Remarks
KA-15-9251,SRS Travels,Bengaluru,Mysuru,"Monday,Tuesday,Wednesday,Thursday,Friday,Saturday,Sunday",Belagavi;Mangaluru;Udupi,140,161,6h 45m,08:00 AM,WiFi;USB,35,Express,Yes,No,6125133752,2.6,Delayed
KA-76-6914,KSRTC Sarige,Bengaluru,Mysuru,"Monday,Tuesday,Wednesday,Thursday,Friday,Saturday,Sunday",Mangaluru,46,80,2h 15m,09:30 PM,USB;ReadingLight,22,Airavat Club Class,Yes,No,9964330989,5.0,
KA-88-5531,KSRTC Airavat,Bengaluru,Mangaluru,"Monday,Tuesday,Wednesday,Thursday,Friday,Saturday,Sunday",,151,180,2h 30m,12:30 PM,WiFi;USB,47,Airavat Club Class,Yes,No,8698690668,3.2,On time
KA-47-3573,KSRTC Airavat Club Class,Bengaluru,Mangaluru,"Monday,Tuesday,Wednesday,Thursday,Friday,Saturday,Sunday",Shivamogga;Belagavi;Udupi,87,119,2h 15m,05:15 PM,WiFi;USB,50,Airavat Club Class,No,No,6304584234,4.5,Weekend rush
KA-95-6392,KSRTC Airavat Club Class,Bengaluru,Hubballi,"Monday,Tuesday,Wednesday,Thursday,Friday,Saturday,Sunday",Davanagere;Belagavi;Shivamogga,96,115,7h 0m,02:15 AM,WiFi;Charging,43,Non-Stop,Yes,No,8865282650,3.4,Weekend rush
KA-45-9262,KSRTC Airavat Club Class,Bengaluru,Hubballi,"Monday,Tuesday,Wednesday,Thursday,Friday,Saturday,Sunday",Mysuru;Udupi;Davanagere,127,134,5h 30m,10:15 AM,WiFi;USB,54,Express,Yes,No,6773065234,2.8,Weekend rush
KA-19-9971,VRL Travels,Bengaluru,Belagavi,"Monday,Tuesday,Wednesday,Thursday,Friday,Saturday,Sunday",,134,132,3h 45m,04:30 PM,Charging;LiveTracking,13,Express,No,No,9171281670,3.5,On time
KA-57-2388,KSRTC Airavat,Bengaluru,Belagavi,"Monday,Tuesday,Wednesday,Thursday,Friday,Saturday,Sunday",Tumakuru;Udupi,49,80,7h 0m,11:45 AM,WiFi;USB,48,Airavat Club Class,Yes,No,9506250760,4.2,On time
KA-93-8573,VRL Travels,Bengaluru,Kalaburagi,"Monday,Tuesday,Wednesday,Thursday,Friday,Saturday,Sunday",Tumakuru;Belagavi,149,185,6h 0m,07:30 PM,ReadingLight;Charging,16,Volvo,Yes,No,7698842863,2.6,
KA-51-1695,KSRTC Ambaari Dreamliner,Bengaluru,Kalaburagi,"Monday,Tuesday,Wednesday,Thursday,Friday,Saturday,Sunday",Davanagere;Tumakuru;Udupi,319,279,10h 15m,08:30 AM,ReadingLight;Charging,28,Super Deluxe,Yes,No,6428161039,4.9,
KA-44-9474,KSRTC Ambaari Dreamliner,Bengaluru,Shivamogga,"Monday,Tuesday,Wednesday,Thursday,Friday,Saturday,Sunday",Kalaburagi;Belagavi;Tumakuru,55,85,5h 30m,01:30 AM,GPS;LiveTracking,20,Super Deluxe,No,No,8273164080,3.6,Delayed
KA-75-6079,KSRTC Sarige,Bengaluru,Shivamogga,"Monday,Tuesday,Wednesday,Thursday,Friday,Saturday,Sunday",Belagavi;Mysuru;Mangaluru,123,99,4h 15m,06:30 PM,USB;ReadingLight,50,Volvo,Yes,No,9130829437,3.1,On time
KA-42-3985,SRS Travels,Bengaluru,Davanagere,"Monday,Tuesday,Wednesday,Thursday,Friday,Saturday,Sunday",,138,122,6h 30m,08:00 AM,WiFi;USB,38,Volvo,Yes,Yes,7684357554,3.3,Weekend rush
KA-95-3793,VRL Travels,Bengaluru,Davanagere,"Monday,Tuesday,Wednesday,Thursday,Friday,Saturday,Sunday",Shivamogga,115,108,5h 0m,03:00 PM,GPS;LiveTracking,38,Express,Yes,No,9722244283,2.8,
KA-30-2214,Sugama Travels,Bengaluru,Tumakuru,"Monday,Tuesday,Wednesday,Thursday,Friday,Saturday,Sunday",Mangaluru;Mysuru,153,174,6h 0m,12:45 PM,GPS;LiveTracking,3,Volvo,Yes,No,6466501815,2.6,Weekend rush
KA-30-2419,Sugama Travels,Bengaluru,Tumakuru,"Monday,Tuesday,Wednesday,Thursday,Friday,Saturday,Sunday",Mysuru;Kalaburagi;Mangaluru,101,109,5h 15m,08:30 AM,WiFi;USB,3,Non-Stop,Yes,No,8909139483,4.2,
KA-89-3661,VRL Travels,Bengaluru,Udupi,"Monday,Tuesday,Wednesday,Thursday,Friday,Saturday,Sunday",Mysuru;Tumakuru;Belagavi,140,171,4h 0m,08:30 PM,USB;ReadingLight,42,Non-Stop,Yes,No,6698005527,3.6,
KA-82-8744,KSRTC Rajahamsa,Bengaluru,Udupi,"Monday,Tuesday,Wednesday,Thursday,Friday,Saturday,Sunday",Shivamogga,80,80,3h 45m,07:30 PM,WiFi;Charging,54,Super Deluxe,Yes,Yes,7410938627,3.2,Weekend rush
KA-04-5221,SRS Travels,Mysuru,Bengaluru,"Monday,Tuesday,Wednesday,Thursday,Friday,Saturday,Sunday",,106,156,7h 45m,07:30 AM,Charging;LiveTracking,44,Super Deluxe,No,No,8371831652,4.8,
KA-82-8503,KSRTC Sarige,Mysuru,Bengaluru,"Monday,Tuesday,Wednesday,Thursday,Friday,Saturday,Sunday",Hubballi;Shivamogga,64,84,8h 15m,01:15 PM,Charging;LiveTracking,26,Express,Yes,No,8668165046,3.8,On time
KA-89-8911,KSRTC Ambaari Dreamliner,Mysuru,Mangaluru,"Monday,Tuesday,Wednesday,Thursday,Friday,Saturday,Sunday",Udupi;Belagavi;Kalaburagi,161,156,5h 15m,12:15 AM,ReadingLight;Charging,52,Non-Stop,Yes,No,8014501308,5.0,Weekend rush
KA-50-8237,VRL Travels,Mysuru,Mangaluru,"Monday,Tuesday,Wednesday,Thursday,Friday,Saturday,Sunday",Kalaburagi,101,131,8h 15m,05:45 AM,ReadingLight;Charging,32,Express,Yes,No,8590107696,4.0,Weekend rush
KA-85-5981,KSRTC Airavat,Mysuru,Hubballi,"Monday,Tuesday,Wednesday,Thursday,Friday,Saturday,Sunday",Kalaburagi;Bengaluru;Davanagere,72,93,7h 15m,06:15 AM,WiFi;Charging,17,Non-Stop,Yes,No,7525298431,3.1,Weekend rush
KA-10-1036,KSRTC Sarige,Mysuru,Hubballi,"Monday,Tuesday,Wednesday,Thursday,Friday,Saturday,Sunday",Davanagere;Shivamogga,82,80,7h 0m,08:45 AM,WiFi;USB,40,Volvo,Yes,No,7824826219,4.6,Weekend rush
KA-26-1391,KSRTC Ambaari Dreamliner,Mysuru,Belagavi,"Monday,Tuesday,Wednesday,Thursday,Friday,Saturday,Sunday",,108,165,3h 30m,02:45 AM,Charging;LiveTracking,27,Super Deluxe,Yes,No,7052669264,3.2,Delayed
KA-49-5327,KSRTC Rajahamsa,Mysuru,Belagavi,"Monday,Tuesday,Wednesday,Thursday,Friday,Saturday,Sunday",Tumakuru;Kalaburagi;Shivamogga,198,220,6h 0m,10:00 PM,WiFi;USB,48,Airavat Club Class,Yes,No,7858738166,2.7,Weekend rush
KA-82-8788,KSRTC Airavat,Mysuru,Kalaburagi,"Monday,Tuesday,Wednesday,Thursday,Friday,Saturday,Sunday",Hubballi,262,267,7h 0m,06:00 PM,ReadingLight;Charging,5,Airavat Club Class,Yes,No,7803792442,3.2,
KA-71-6402,SRS Travels,Mysuru,Kalaburagi,"Monday,Tuesday,Wednesday,Thursday,Friday,Saturday,Sunday",,62,84,2h 0m,02:30 AM,GPS;LiveTracking,47,Super Deluxe,Yes,Yes,6952641143,4.8,On time
KA-08-9221,SRS Travels,Mysuru,Shivamogga,"Monday,Tuesday,Wednesday,Thursday,Friday,Saturday,Sunday",Tumakuru;Mangaluru,99,80,2h 45m,02:15 AM,GPS;LiveTracking,42,Non-Stop,Yes,No,6718791429,4.3,On time
KA-20-6824,VRL Travels,Mysuru,Shivamogga,"Monday,Tuesday,Wednesday,Thursday,Friday,Saturday,Sunday",Bengaluru,89,112,8h 0m,05:00 AM,Charging;LiveTracking,47,Super Deluxe,Yes,Yes,9052372506,3.9,On time
KA-43-5066,KSRTC Rajahamsa,Mysuru,Davanagere,"Monday,Tuesday,Wednesday,Thursday,Friday,Saturday,Sunday",Belagavi,118,126,3h 30m,02:30 AM,WiFi;Charging,44,Airavat Club Class,Yes,Yes,6574064891,2.8,Weekend rush
KA-49-8301,SRS Travels,Mysuru,Davanagere,"Monday,Tuesday,Wednesday,Thursday,Friday,Saturday,Sunday",Mangaluru;Belagavi;Shivamogga,127,144,3h 0m,10:00 AM,WiFi;USB,24,Super Deluxe,Yes,Yes,7127975911,3.3,
KA-03-4860,SRS Travels,Mysuru,Tumakuru,"Monday,Tuesday,Wednesday,Thursday,Friday,Saturday,Sunday",Kalaburagi,67,82,4h 45m,11:30 AM,ReadingLight;Charging,4,Express,Yes,No,9250616020,5.0,
KA-63-8406,Sugama Travels,Mysuru,Tumakuru,"Monday,Tuesday,Wednesday,Thursday,Friday,Saturday,Sunday",Bengaluru;Udupi;Kalaburagi,135,199,6h 30m,03:15 AM,USB;ReadingLight,8,Non-Stop,Yes,No,9005159871,3.5,
KA-79-8003,KSRTC Airavat,Mysuru,Udupi,"Monday,Tuesday,Wednesday,Thursday,Friday,Saturday,Sunday",Belagavi,157,224,4h 30m,11:00 AM,Charging;LiveTracking,47,Airavat Club Class,Yes,No,6833530029,3.9,
KA-17-9080,KSRTC Ambaari Dreamliner,Mysuru,Udupi,"Monday,Tuesday,Wednesday,Thursday,Friday,Saturday,Sunday",Tumakuru;Bengaluru,95,94,5h 15m,12:00 PM,Charging;LiveTracking,48,Express,Yes,No,9035976092,4.9,
KA-49-4504,KSRTC Rajahamsa,Mangaluru,Bengaluru,"Monday,Tuesday,Wednesday,Thursday,Friday,Saturday,Sunday",Hubballi;Davanagere,45,80,8h 15m,12:30 PM,WiFi;Charging,33,Volvo,Yes,No,8222666435,4.3,On time
KA-99-2279,VRL Travels,Mangaluru,Bengaluru,"Monday,Tuesday,Wednesday,Thursday,Friday,Saturday,Sunday",Belagavi;Mysuru,197,212,7h 30m,05:45 AM,WiFi;Charging,52,Airavat Club Class,No,No,9452583432,3.7,Weekend rush
KA-23-4409,KSRTC Ambaari Dreamliner,Mangaluru,Mysuru,"Monday,Tuesday,Wednesday,Thursday,Friday,Saturday,Sunday",Udupi;Kalaburagi,128,164,3h 30m,10:00 PM,WiFi;Charging,30,Volvo,No,No,7839389826,3.2,
KA-60-2443,KSRTC Airavat,Mangaluru,Mysuru,"Monday,Tuesday,Wednesday,Thursday,Friday,Saturday,Sunday",Tumakuru;Bengaluru,119,176,7h 45m,10:30 PM,ReadingLight;Charging,39,Non-Stop,Yes,No,9497386701,3.5,Weekend rush
KA-25-1032,KSRTC Rajahamsa,Mangaluru,Hubballi,"Monday,Tuesday,Wednesday,Thursday,Friday,Saturday,Sunday",Kalaburagi;Davanagere,78,110,4h 45m,01:45 AM,Charging;LiveTracking,19,Express,Yes,Yes,7635606810,4.5,Weekend rush
KA-98-1460,KSRTC Rajahamsa,Mangaluru,Hubballi,"Monday,Tuesday,Wednesday,Thursday,Friday,Saturday,Sunday",Davanagere,184,182,5h 45m,09:30 PM,Charging;LiveTracking,42,Express,Yes,Yes,9667226393,3.3,Delayed
KA-48-3589,KSRTC Airavat,Mangaluru,Belagavi,"Monday,Tuesday,Wednesday,Thursday,Friday,Saturday,Sunday",Shivamogga;Kalaburagi;Hubballi,86,84,2h 0m,07:15 PM,GPS;LiveTracking,37,Super Deluxe,No,Yes,9420197959,4.2,
KA-86-4476,KSRTC Airavat,Mangaluru,Belagavi,"Monday,Tuesday,Wednesday,Thursday,Friday,Saturday,Sunday",Kalaburagi,60,80,3h 30m,05:00 PM,Charging;LiveTracking,32,Super Deluxe,No,No,9660426599,4.6,Weekend rush
KA-39-5697,KSRTC Airavat,Mangaluru,Kalaburagi,"Monday,Tuesday,Wednesday,Thursday,Friday,Saturday,Sunday",Shivamogga;Bengaluru;Udupi,90,95,4h 0m,03:00 AM,Charging;LiveTracking,45,Volvo,Yes,No,9878877550,4.0,Delayed
KA-04-2239,KSRTC Airavat,Mangaluru,Kalaburagi,"Monday,Tuesday,Wednesday,Thursday,Friday,Saturday,Sunday",Hubballi;Belagavi,307,429,6h 15m,12:45 PM,Charging;LiveTracking,20,Non-Stop,Yes,No,8070229086,4.0,
KA-21-9357,VRL Travels,Mangaluru,Shivamogga,"Monday,Tuesday,Wednesday,Thursday,Friday,Saturday,Sunday",Udupi;Mysuru,170,230,6h 45m,12:15 PM,WiFi;USB,8,Volvo,No,No,8915718828,3.8,On time
KA-20-5511,KSRTC Rajahamsa,Mangaluru,Shivamogga,"Monday,Tuesday,Wednesday,Thursday,Friday,Saturday,Sunday",Udupi,184,274,7h 30m,09:15 PM,GPS;LiveTracking,55,Airavat Club Class,No,No,7667845439,2.7,
KA-60-3185,SRS Travels,Mangaluru,Davanagere,"Monday,Tuesday,Wednesday,Thursday,Friday,Saturday,Sunday",Hubballi;Bengaluru,156,245,6h 30m,10:45 AM,WiFi;USB,39,Express,No,No,9061786621,2.8,Delayed
KA-87-2617,KSRTC Rajahamsa,Mangaluru,Davanagere,"Monday,Tuesday,Wednesday,Thursday,Friday,Saturday,Sunday",Kalaburagi;Belagavi,193,281,8h 15m,01:15 PM,WiFi;Charging,40,Non-Stop,Yes,Yes,9893561720,2.8,Delayed
KA-44-4571,Sugama Travels,Mangaluru,Tumakuru,"Monday,Tuesday,Wednesday,Thursday,Friday,Saturday,Sunday",Hubballi,176,217,2h 15m,12:30 PM,WiFi;USB,53,Non-Stop,Yes,No,6712157306,3.1,On time
KA-61-1113,KSRTC Airavat Club Class,Mangaluru,Tumakuru,"Monday,Tuesday,Wednesday,Thursday,Friday,Saturday,Sunday",Belagavi,66,87,2h 15m,10:30 PM,GPS;LiveTracking,54,Volvo,No,Yes,6296454893,2.8,
KA-26-2100,VRL Travels,Mangaluru,Udupi,"Monday,Tuesday,Wednesday,Thursday,Friday,Saturday,Sunday",,57,80,8h 45m,11:15 AM,GPS;LiveTracking,6,Express,Yes,No,6922350159,3.2,Delayed
KA-89-5535,KSRTC Airavat Club Class,Mangaluru,Udupi,"Monday,Tuesday,Wednesday,Thursday,Friday,Saturday,Sunday",Bengaluru;Davanagere;Hubballi,57,82,5h 0m,09:15 PM,USB;ReadingLight,1,Airavat Club Class,Yes,Yes,7784511182,4.1,
KA-13-3707,SRS Travels,Hubballi,Bengaluru,"Monday,Tuesday,Wednesday,Thursday,Friday,Saturday,Sunday",,187,283,8h 30m,11:15 AM,WiFi;USB,27,Airavat Club Class,No,Yes,9654380688,3.0,Delayed
KA-86-9111,Sugama Travels,Hubballi,Bengaluru,"Monday,Tuesday,Wednesday,Thursday,Friday,Saturday,Sunday",,78,82,7h 45m,04:15 AM,GPS;LiveTracking,16,Non-Stop,No,No,7536275705,5.0,Weekend rush
KA-14-9596,KSRTC Rajahamsa,Hubballi,Mysuru,"Monday,Tuesday,Wednesday,Thursday,Friday,Saturday,Sunday",Kalaburagi,148,171,4h 30m,05:15 AM,WiFi;Charging,53,Express,Yes,No,9057642363,4.2,Weekend rush
KA-41-5748,KSRTC Ambaari Dreamliner,Hubballi,Mysuru,"Monday,Tuesday,Wednesday,Thursday,Friday,Saturday,Sunday",Kalaburagi,318,259,10h 0m,04:00 PM,ReadingLight;Charging,18,Super Deluxe,No,No,6359566591,2.9,
KA-20-8440,KSRTC Ambaari Dreamliner,Hubballi,Mangaluru,"Monday,Tuesday,Wednesday,Thursday,Friday,Saturday,Sunday",,72,80,2h 30m,12:00 PM,Charging;LiveTracking,28,Volvo,Yes,No,9453069349,2.5,On time
KA-57-3525,KSRTC Sarige,Hubballi,Mangaluru,"Monday,Tuesday,Wednesday,Thursday,Friday,Saturday,Sunday",Tumakuru;Bengaluru,185,149,9h 45m,08:45 AM,USB;ReadingLight,37,Volvo,Yes,Yes,8038974619,2.6,On time
KA-76-3522,Sugama Travels,Hubballi,Belagavi,"Monday,Tuesday,Wednesday,Thursday,Friday,Saturday,Sunday",Mysuru,116,154,8h 15m,06:45 PM,WiFi;Charging,35,Super Deluxe,Yes,No,6136839799,2.5,Weekend rush
KA-64-7397,VRL Travels,Hubballi,Belagavi,"Monday,Tuesday,Wednesday,Thursday,Friday,Saturday,Sunday",Kalaburagi,239,248,5h 15m,10:45 PM,USB;ReadingLight,40,Super Deluxe,Yes,Yes,6348271769,2.6,Delayed
KA-77-6131,Sugama Travels,Hubballi,Kalaburagi,"Monday,Tuesday,Wednesday,Thursday,Friday,Saturday,Sunday",Belagavi;Tumakuru;Udupi,116,103,8h 30m,09:00 PM,WiFi;USB,15,Airavat Club Class,Yes,No,8858751764,3.3,Weekend rush
KA-71-8412,KSRTC Airavat Club Class,Hubballi,Kalaburagi,"Monday,Tuesday,Wednesday,Thursday,Friday,Saturday,Sunday",Bengaluru,191,273,8h 45m,11:30 AM,Charging;LiveTracking,23,Airavat Club Class,Yes,No,6760312174,4.1,
KA-91-6762,KSRTC Ambaari Dreamliner,Hubballi,Shivamogga,"Monday,Tuesday,Wednesday,Thursday,Friday,Saturday,Sunday",,45,80,6h 15m,03:45 AM,GPS;LiveTracking,2,Super Deluxe,Yes,Yes,6800988890,3.6,Weekend rush
KA-99-5238,KSRTC Sarige,Hubballi,Shivamogga,"Monday,Tuesday,Wednesday,Thursday,Friday,Saturday,Sunday",Davanagere,42,80,8h 45m,05:45 PM,USB;ReadingLight,26,Express,No,No,6996541654,3.3,Weekend rush
KA-70-7129,VRL Travels,Hubballi,Davanagere,"Monday,Tuesday,Wednesday,Thursday,Friday,Saturday,Sunday",Tumakuru;Kalaburagi;Mangaluru,50,80,6h 15m,11:00 PM,WiFi;Charging,4,Airavat Club Class,Yes,No,8959198158,4.8,On time
KA-25-1535,KSRTC Sarige,Hubballi,Davanagere,"Monday,Tuesday,Wednesday,Thursday,Friday,Saturday,Sunday",Udupi;Mysuru;Kalaburagi,114,171,3h 15m,04:45 PM,Charging;LiveTracking,19,Volvo,Yes,No,6773072937,4.1,
KA-59-6314,KSRTC Airavat Club Class,Hubballi,Tumakuru,"Monday,Tuesday,Wednesday,Thursday,Friday,Saturday,Sunday",Shivamogga;Mangaluru;Bengaluru,69,80,7h 15m,07:00 AM,WiFi;Charging,33,Volvo,Yes,No,9535388997,3.9,On time
KA-06-4635,KSRTC Ambaari Dreamliner,Hubballi,Tumakuru,"Monday,Tuesday,Wednesday,Thursday,Friday,Saturday,Sunday",,239,345,4h 0m,12:00 PM,Charging;LiveTracking,13,Airavat Club Class,No,No,7330766529,3.9,On time
KA-35-8048,VRL Travels,Hubballi,Udupi,"Monday,Tuesday,Wednesday,Thursday,Friday,Saturday,Sunday",Tumakuru,114,136,4h 45m,02:45 PM,Charging;LiveTracking,12,Express,Yes,No,8765882325,4.2,On time
KA-09-5594,KSRTC Airavat,Hubballi,Udupi,"Monday,Tuesday,Wednesday,Thursday,Friday,Saturday,Sunday",Davanagere,188,268,7h 45m,01:00 AM,GPS;LiveTracking,51,Airavat Club Class,No,No,6139067014,3.6,Weekend rush
KA-72-8812,VRL Travels,Belagavi,Bengaluru,"Monday,Tuesday,Wednesday,Thursday,Friday,Saturday,Sunday",Hubballi;Mangaluru;Udupi,382,431,6h 15m,10:15 PM,Charging;LiveTracking,50,Volvo,Yes,No,9528662647,3.6,
KA-64-9025,KSRTC Airavat Club Class,Belagavi,Bengaluru,"Monday,Tuesday,Wednesday,Thursday,Friday,Saturday,Sunday",Udupi,156,231,8h 30m,09:00 AM,WiFi;Charging,21,Non-Stop,Yes,Yes,7299812838,2.7,
KA-86-2865,KSRTC Rajahamsa,Belagavi,Mysuru,"Monday,Tuesday,Wednesday,Thursday,Friday,Saturday,Sunday",Tumakuru;Mangaluru,229,327,6h 45m,04:00 AM,USB;ReadingLight,1,Super Deluxe,Yes,Yes,8857719077,3.0,Weekend rush
KA-31-4994,KSRTC Sarige,Belagavi,Mysuru,"Monday,Tuesday,Wednesday,Thursday,Friday,Saturday,Sunday",Bengaluru;Tumakuru,321,349,11h 30m,05:00 PM,GPS;LiveTracking,33,Volvo,Yes,Yes,9514230173,3.2,Weekend rush
KA-96-9476,SRS Travels,Belagavi,Mangaluru,"Monday,Tuesday,Wednesday,Thursday,Friday,Saturday,Sunday",Tumakuru;Mysuru,173,148,8h 30m,03:00 PM,WiFi;Charging,26,Super Deluxe,Yes,Yes,9667266103,3.8,On time
KA-58-9041,KSRTC Ambaari Dreamliner,Belagavi,Mangaluru,"Monday,Tuesday,Wednesday,Thursday,Friday,Saturday,Sunday",Davanagere;Udupi;Mysuru,93,137,2h 45m,11:00 AM,USB;ReadingLight,50,Non-Stop,Yes,No,8811283771,4.7,
KA-67-8235,SRS Travels,Belagavi,Hubballi,"Monday,Tuesday,Wednesday,Thursday,Friday,Saturday,Sunday",Tumakuru,261,382,10h 30m,02:00 PM,ReadingLight;Charging,31,Non-Stop,Yes,Yes,7246452310,4.0,Weekend rush
KA-23-3412,KSRTC Rajahamsa,Belagavi,Hubballi,"Monday,Tuesday,Wednesday,Thursday,Friday,Saturday,Sunday",Davanagere;Shivamogga,88,80,3h 45m,11:45 PM,USB;ReadingLight,1,Volvo,Yes,Yes,7320610612,4.0,Weekend rush
KA-01-7304,KSRTC Airavat,Belagavi,Kalaburagi,"Monday,Tuesday,Wednesday,Thursday,Friday,Saturday,Sunday",,146,201,3h 45m,11:00 PM,ReadingLight;Charging,25,Volvo,Yes,No,7228711732,3.3,Weekend rush
KA-50-5757,VRL Travels,Belagavi,Kalaburagi,"Monday,Tuesday,Wednesday,Thursday,Friday,Saturday,Sunday",Bengaluru,116,134,6h 15m,02:30 AM,WiFi;Charging,21,Non-Stop,Yes,Yes,9760032302,4.4,Delayed
KA-54-6927,KSRTC Rajahamsa,Belagavi,Shivamogga,"Monday,Tuesday,Wednesday,Thursday,Friday,Saturday,Sunday",Davanagere;Mangaluru;Hubballi,200,265,3h 45m,07:00 PM,GPS;LiveTracking,2,Super Deluxe,Yes,No,9835106781,3.9,Weekend rush
KA-14-2972,KSRTC Sarige,Belagavi,Shivamogga,"Monday,Tuesday,Wednesday,Thursday,Friday,Saturday,Sunday",Bengaluru;Davanagere,70,80,3h 0m,07:15 PM,WiFi;USB,14,Express,No,Yes,7390244806,3.7,
KA-31-7725,KSRTC Airavat Club Class,Belagavi,Davanagere,"Monday,Tuesday,Wednesday,Thursday,Friday,Saturday,Sunday",Shivamogga;Udupi;Kalaburagi,160,188,7h 30m,11:30 PM,ReadingLight;Charging,53,Airavat Club Class,Yes,Yes,7869257295,2.9,Weekend rush
KA-82-7206,KSRTC Airavat,Belagavi,Davanagere,"Monday,Tuesday,Wednesday,Thursday,Friday,Saturday,Sunday",Mysuru,51,80,4h 45m,05:30 AM,Charging;LiveTracking,31,Non-Stop,Yes,Yes,8750865080,2.6,
KA-74-6411,SRS Travels,Belagavi,Tumakuru,"Monday,Tuesday,Wednesday,Thursday,Friday,Saturday,Sunday",Udupi;Mysuru,52,82,7h 15m,05:30 PM,GPS;LiveTracking,52,Non-Stop,No,No,6738978615,3.8,
KA-32-1430,KSRTC Ambaari Dreamliner,Belagavi,Tumakuru,"Monday,Tuesday,Wednesday,Thursday,Friday,Saturday,Sunday",,136,188,8h 45m,09:15 AM,WiFi;Charging,23,Super Deluxe,Yes,No,7142398446,4.0,Weekend rush
KA-13-1495,KSRTC Rajahamsa,Belagavi,Udupi,"Monday,Tuesday,Wednesday,Thursday,Friday,Saturday,Sunday",,320,441,9h 15m,09:30 AM,USB;ReadingLight,43,Airavat Club Class,Yes,No,7025227602,4.3,On time
KA-61-6318,KSRTC Airavat,Belagavi,Udupi,"Monday,Tuesday,Wednesday,Thursday,Friday,Saturday,Sunday",Davanagere;Tumakuru;Shivamogga,192,212,5h 0m,05:00 AM,USB;ReadingLight,35,Non-Stop,Yes,No,9210470732,4.1,
KA-30-6455,Sugama Travels,Kalaburagi,Bengaluru,"Monday,Tuesday,Wednesday,Thursday,Friday,Saturday,Sunday",Shivamogga;Davanagere;Tumakuru,164,159,8h 30m,06:00 AM,WiFi;USB,28,Express,Yes,No,9567693421,4.7,Delayed
KA-69-3552,KSRTC Rajahamsa,Kalaburagi,Bengaluru,"Monday,Tuesday,Wednesday,Thursday,Friday,Saturday,Sunday",,93,120,4h 15m,01:00 AM,GPS;LiveTracking,10,Volvo,Yes,No,6249301633,4.9,Delayed
KA-88-1077,KSRTC Rajahamsa,Kalaburagi,Mysuru,"Monday,Tuesday,Wednesday,Thursday,Friday,Saturday,Sunday",Belagavi,217,229,5h 45m,07:45 AM,Charging;LiveTracking,31,Super Deluxe,Yes,Yes,7670645840,4.2,
KA-41-6650,VRL Travels,Kalaburagi,Mysuru,"Monday,Tuesday,Wednesday,Thursday,Friday,Saturday,Sunday",Mangaluru,142,156,7h 0m,08:00 PM,GPS;LiveTracking,44,Super Deluxe,Yes,No,9945601330,4.7,Delayed
KA-89-6554,KSRTC Airavat,Kalaburagi,Mangaluru,"Monday,Tuesday,Wednesday,Thursday,Friday,Saturday,Sunday",Bengaluru;Belagavi,126,163,8h 45m,10:15 AM,WiFi;Charging,1,Express,No,No,7682646505,3.0,Delayed
KA-77-6540,SRS Travels,Kalaburagi,Mangaluru,"Monday,Tuesday,Wednesday,Thursday,Friday,Saturday,Sunday",,90,134,5h 0m,05:15 PM,Charging;LiveTracking,24,Super Deluxe,Yes,No,8566296918,3.9,On time
KA-34-8346,KSRTC Rajahamsa,Kalaburagi,Hubballi,"Monday,Tuesday,Wednesday,Thursday,Friday,Saturday,Sunday",Tumakuru;Bengaluru;Udupi,61,80,3h 0m,09:30 PM,USB;ReadingLight,34,Super Deluxe,Yes,No,8529960904,4.1,Delayed
KA-67-1614,KSRTC Sarige,Kalaburagi,Hubballi,"Monday,Tuesday,Wednesday,Thursday,Friday,Saturday,Sunday",,58,80,5h 15m,09:15 PM,WiFi;Charging,24,Non-Stop,Yes,No,7540896921,3.8,
KA-58-3396,KSRTC Sarige,Kalaburagi,Belagavi,"Monday,Tuesday,Wednesday,Thursday,Friday,Saturday,Sunday",Mangaluru,66,80,4h 30m,05:45 PM,WiFi;USB,23,Express,Yes,No,8357820170,4.0,Weekend rush
KA-32-3868,KSRTC Sarige,Kalaburagi,Belagavi,"Monday,Tuesday,Wednesday,Thursday,Friday,Saturday,Sunday",Hubballi,171,197,4h 30m,04:45 PM,ReadingLight;Charging,42,Non-Stop,No,No,6455837284,3.3,
KA-64-6629,SRS Travels,Kalaburagi,Shivamogga,"Monday,Tuesday,Wednesday,Thursday,Friday,Saturday,Sunday",Tumakuru,197,194,3h 30m,11:00 AM,Charging;LiveTracking,44,Non-Stop,Yes,Yes,7900558613,4.8,Delayed
KA-14-8971,KSRTC Airavat,Kalaburagi,Shivamogga,"Monday,Tuesday,Wednesday,Thursday,Friday,Saturday,Sunday",Tumakuru;Mangaluru,231,286,8h 15m,04:00 AM,WiFi;USB,50,Volvo,No,No,9665638952,3.8,Weekend rush
KA-95-8274,KSRTC Airavat Club Class,Kalaburagi,Davanagere,"Monday,Tuesday,Wednesday,Thursday,Friday,Saturday,Sunday",,63,80,8h 45m,12:45 AM,GPS;LiveTracking,25,Express,Yes,No,7602016005,4.9,Weekend rush
KA-33-1334,KSRTC Airavat Club Class,Kalaburagi,Davanagere,"Monday,Tuesday,Wednesday,Thursday,Friday,Saturday,Sunday",Mangaluru;Hubballi,128,165,4h 0m,11:45 AM,ReadingLight;Charging,53,Airavat Club Class,Yes,No,7784120559,2.5,On time
KA-44-3497,VRL Travels,Kalaburagi,Tumakuru,"Monday,Tuesday,Wednesday,Thursday,Friday,Saturday,Sunday",Udupi;Mangaluru;Mysuru,314,400,6h 0m,02:45 AM,WiFi;USB,3,Express,Yes,No,9126827294,3.9,Delayed
KA-12-7193,KSRTC Rajahamsa,Kalaburagi,Tumakuru,"Monday,Tuesday,Wednesday,Thursday,Friday,Saturday,Sunday",Davanagere;Udupi,174,227,3h 45m,08:45 AM,Charging;LiveTracking,50,Volvo,Yes,Yes,6675596582,3.1,Delayed
KA-24-4988,KSRTC Ambaari Dreamliner,Kalaburagi,Udupi,"Monday,Tuesday,Wednesday,Thursday,Friday,Saturday,Sunday",Shivamogga,136,175,6h 0m,02:45 PM,ReadingLight;Charging,16,Non-Stop,Yes,Yes,6499847072,3.1,Weekend rush
KA-43-4186,KSRTC Rajahamsa,Kalaburagi,Udupi,"Monday,Tuesday,Wednesday,Thursday,Friday,Saturday,Sunday",Shivamogga,141,170,4h 15m,02:00 PM,USB;ReadingLight,33,Non-Stop,Yes,No,8166111262,3.7,Delayed
KA-43-3370,KSRTC Ambaari Dreamliner,Shivamogga,Bengaluru,"Monday,Tuesday,Wednesday,Thursday,Friday,Saturday,Sunday",Udupi,75,97,6h 30m,12:30 AM,WiFi;USB,46,Volvo,Yes,Yes,6937079570,4.8,Delayed
KA-46-5812,VRL Travels,Shivamogga,Bengaluru,"Monday,Tuesday,Wednesday,Thursday,Friday,Saturday,Sunday",Davanagere;Mysuru;Belagavi,154,204,7h 15m,08:45 PM,WiFi;Charging,1,Non-Stop,Yes,No,9471763707,3.7,Delayed
KA-77-6406,SRS Travels,Shivamogga,Mysuru,"Monday,Tuesday,Wednesday,Thursday,Friday,Saturday,Sunday",Bengaluru;Hubballi;Tumakuru,152,168,7h 30m,09:30 PM,Charging;LiveTracking,25,Express,No,Yes,7451665770,4.0,Delayed
KA-53-5816,SRS Travels,Shivamogga,Mysuru,"Monday,Tuesday,Wednesday,Thursday,Friday,Saturday,Sunday",Kalaburagi;Hubballi,103,106,7h 30m,12:00 AM,WiFi;USB,23,Super Deluxe,Yes,No,9707260059,4.1,On time
KA-28-2141,SRS Travels,Shivamogga,Mangaluru,"Monday,Tuesday,Wednesday,Thursday,Friday,Saturday,Sunday",Davanagere;Tumakuru;Udupi,54,80,4h 0m,05:00 AM,WiFi;Charging,14,Super Deluxe,Yes,Yes,8104398292,4.4,Delayed
KA-70-7892,KSRTC Airavat Club Class,Shivamogga,Mangaluru,"Monday,Tuesday,Wednesday,Thursday,Friday,Saturday,Sunday",Tumakuru;Udupi;Belagavi,104,128,2h 30m,04:15 AM,WiFi;Charging,31,Non-Stop,Yes,No,7669119257,2.7,On time
KA-63-9560,KSRTC Airavat Club Class,Shivamogga,Hubballi,"Monday,Tuesday,Wednesday,Thursday,Friday,Saturday,Sunday",Belagavi;Bengaluru,72,80,3h 0m,05:15 PM,Charging;LiveTracking,33,Airavat Club Class,No,Yes,6286258195,4.5,Delayed
KA-48-3604,KSRTC Sarige,Shivamogga,Hubballi,"Monday,Tuesday,Wednesday,Thursday,Friday,Saturday,Sunday",,61,97,7h 0m,02:30 PM,ReadingLight;Charging,31,Non-Stop,No,No,6243389494,4.0,Delayed
KA-30-2506,KSRTC Sarige,Shivamogga,Belagavi,"Monday,Tuesday,Wednesday,Thursday,Friday,Saturday,Sunday",Mysuru;Hubballi;Kalaburagi,43,80,2h 15m,08:45 AM,ReadingLight;Charging,31,Volvo,Yes,No,8779408966,3.0,
KA-66-3755,Sugama Travels,Shivamogga,Belagavi,"Monday,Tuesday,Wednesday,Thursday,Friday,Saturday,Sunday",,50,80,3h 15m,10:45 AM,WiFi;Charging,7,Express,Yes,Yes,7943680369,3.6,Delayed
KA-60-8085,KSRTC Airavat Club Class,Shivamogga,Kalaburagi,"Monday,Tuesday,Wednesday,Thursday,Friday,Saturday,Sunday",Bengaluru,53,80,3h 0m,06:30 PM,WiFi;Charging,5,Non-Stop,Yes,No,8746869580,2.9,
KA-97-2186,KSRTC Rajahamsa,Shivamogga,Kalaburagi,"Monday,Tuesday,Wednesday,Thursday,Friday,Saturday,Sunday",Bengaluru,195,196,4h 0m,07:00 PM,Charging;LiveTracking,44,Super Deluxe,Yes,No,8133166553,3.8,Weekend rush
KA-55-4843,KSRTC Airavat Club Class,Shivamogga,Davanagere,"Monday,Tuesday,Wednesday,Thursday,Friday,Saturday,Sunday",Belagavi;Mysuru,199,294,9h 45m,10:45 PM,WiFi;Charging,53,Airavat Club Class,Yes,No,6188710381,3.9,
KA-51-3279,SRS Travels,Shivamogga,Davanagere,"Monday,Tuesday,Wednesday,Thursday,Friday,Saturday,Sunday",Mangaluru,231,201,5h 15m,04:15 PM,ReadingLight;Charging,42,Airavat Club Class,Yes,No,9759471870,4.4,Delayed
KA-16-7250,KSRTC Sarige,Shivamogga,Tumakuru,"Monday,Tuesday,Wednesday,Thursday,Friday,Saturday,Sunday",Belagavi;Hubballi,87,97,2h 45m,05:45 PM,USB;ReadingLight,34,Airavat Club Class,No,Yes,6624474226,3.5,Weekend rush
KA-76-9514,VRL Travels,Shivamogga,Tumakuru,"Monday,Tuesday,Wednesday,Thursday,Friday,Saturday,Sunday",Udupi;Hubballi;Bengaluru,120,144,5h 45m,03:30 AM,GPS;LiveTracking,51,Volvo,No,No,6280925776,4.2,
KA-18-3604,KSRTC Sarige,Shivamogga,Udupi,"Monday,Tuesday,Wednesday,Thursday,Friday,Saturday,Sunday",Tumakuru,67,97,4h 45m,02:15 PM,Charging;LiveTracking,16,Non-Stop,Yes,Yes,7370930987,3.2,On time
KA-41-8993,KSRTC Sarige,Shivamogga,Udupi,"Monday,Tuesday,Wednesday,Thursday,Friday,Saturday,Sunday",Bengaluru;Tumakuru,115,152,2h 15m,11:15 AM,WiFi;USB,31,Super Deluxe,No,No,8863196962,4.3,Delayed
KA-04-3982,SRS Travels,Davanagere,Bengaluru,"Monday,Tuesday,Wednesday,Thursday,Friday,Saturday,Sunday",Kalaburagi,166,167,6h 45m,04:30 AM,USB;ReadingLight,8,Super Deluxe,Yes,Yes,9285180765,2.8,
KA-54-2207,KSRTC Rajahamsa,Davanagere,Bengaluru,"Monday,Tuesday,Wednesday,Thursday,Friday,Saturday,Sunday",,150,232,8h 0m,04:45 AM,WiFi;Charging,48,Volvo,Yes,No,6786938966,3.9,Delayed
KA-37-2477,Sugama Travels,Davanagere,Mysuru,"Monday,Tuesday,Wednesday,Thursday,Friday,Saturday,Sunday",,102,153,2h 45m,02:30 PM,WiFi;USB,34,Non-Stop,Yes,No,9903557448,3.6,
KA-35-3448,VRL Travels,Davanagere,Mysuru,"Monday,Tuesday,Wednesday,Thursday,Friday,Saturday,Sunday",Bengaluru;Kalaburagi;Udupi,132,132,7h 45m,01:15 PM,Charging;LiveTracking,11,Express,Yes,No,6906986627,3.4,
KA-89-3359,VRL Travels,Davanagere,Mangaluru,"Monday,Tuesday,Wednesday,Thursday,Friday,Saturday,Sunday",Shivamogga;Kalaburagi;Bengaluru,67,80,4h 15m,03:45 PM,USB;ReadingLight,51,Non-Stop,Yes,No,9744579296,2.9,On time
KA-67-3107,KSRTC Airavat,Davanagere,Mangaluru,"Monday,Tuesday,Wednesday,Thursday,Friday,Saturday,Sunday",Udupi,157,139,5h 45m,07:15 PM,GPS;LiveTracking,55,Volvo,No,No,7518301588,4.6,Weekend rush
KA-98-6298,VRL Travels,Davanagere,Hubballi,"Monday,Tuesday,Wednesday,Thursday,Friday,Saturday,Sunday",Shivamogga;Udupi;Mysuru,138,176,5h 30m,09:30 AM,ReadingLight;Charging,42,Volvo,Yes,No,6427442054,4.0,
KA-49-5523,KSRTC Airavat,Davanagere,Hubballi,"Monday,Tuesday,Wednesday,Thursday,Friday,Saturday,Sunday",Kalaburagi,120,117,8h 45m,07:00 AM,WiFi;USB,50,Volvo,Yes,No,7378963029,3.1,Delayed
KA-75-3333,KSRTC Sarige,Davanagere,Belagavi,"Monday,Tuesday,Wednesday,Thursday,Friday,Saturday,Sunday",Bengaluru,71,106,8h 45m,05:45 AM,ReadingLight;Charging,2,Express,Yes,Yes,6545638902,4.5,
KA-08-7267,KSRTC Sarige,Davanagere,Belagavi,"Monday,Tuesday,Wednesday,Thursday,Friday,Saturday,Sunday",,60,80,2h 45m,03:00 AM,Charging;LiveTracking,40,Airavat Club Class,Yes,No,9277706448,3.5,
KA-47-2852,VRL Travels,Davanagere,Kalaburagi,"Monday,Tuesday,Wednesday,Thursday,Friday,Saturday,Sunday",Mysuru;Hubballi,212,207,4h 30m,02:45 PM,USB;ReadingLight,14,Volvo,Yes,No,6591990632,4.6,
KA-59-6209,KSRTC Airavat,Davanagere,Kalaburagi,"Monday,Tuesday,Wednesday,Thursday,Friday,Saturday,Sunday",Hubballi,263,411,6h 45m,02:45 AM,USB;ReadingLight,27,Express,Yes,Yes,7860789236,3.7,Weekend rush
KA-42-3915,KSRTC Sarige,Davanagere,Shivamogga,"Monday,Tuesday,Wednesday,Thursday,Friday,Saturday,Sunday",,83,111,2h 15m,06:45 PM,USB;ReadingLight,43,Non-Stop,Yes,Yes,7950096147,3.7,Weekend rush
KA-90-9800,KSRTC Rajahamsa,Davanagere,Shivamogga,"Monday,Tuesday,Wednesday,Thursday,Friday,Saturday,Sunday",,153,155,5h 15m,09:00 PM,GPS;LiveTracking,9,Airavat Club Class,No,No,6597384985,3.0,Delayed
KA-04-8094,VRL Travels,Davanagere,Tumakuru,"Monday,Tuesday,Wednesday,Thursday,Friday,Saturday,Sunday",Hubballi;Mangaluru,87,136,7h 0m,09:30 AM,ReadingLight;Charging,5,Super Deluxe,Yes,No,8875041382,3.3,Delayed
KA-93-9858,Sugama Travels,Davanagere,Tumakuru,"Monday,Tuesday,Wednesday,Thursday,Friday,Saturday,Sunday",Mysuru,125,190,5h 0m,11:45 AM,ReadingLight;Charging,8,Express,Yes,Yes,6536865709,2.5,On time
KA-39-4312,VRL Travels,Davanagere,Udupi,"Monday,Tuesday,Wednesday,Thursday,Friday,Saturday,Sunday",Kalaburagi,87,80,8h 0m,05:00 PM,ReadingLight;Charging,25,Volvo,Yes,No,7667479639,4.1,On time
KA-14-6484,SRS Travels,Davanagere,Udupi,"Monday,Tuesday,Wednesday,Thursday,Friday,Saturday,Sunday",Tumakuru;Belagavi;Mysuru,315,406,7h 15m,01:15 AM,ReadingLight;Charging,32,Non-Stop,Yes,Yes,9057920804,2.6,Weekend rush
KA-04-5657,Sugama Travels,Tumakuru,Bengaluru,"Monday,Tuesday,Wednesday,Thursday,Friday,Saturday,Sunday",,156,168,6h 30m,02:30 AM,Charging;LiveTracking,23,Super Deluxe,Yes,No,6352155900,3.4,Weekend rush
KA-87-8220,KSRTC Airavat,Tumakuru,Bengaluru,"Monday,Tuesday,Wednesday,Thursday,Friday,Saturday,Sunday",Davanagere;Mangaluru;Shivamogga,193,256,6h 15m,01:45 AM,Charging;LiveTracking,8,Non-Stop,Yes,No,8596151183,3.8,Weekend rush
KA-55-9180,KSRTC Airavat,Tumakuru,Mysuru,"Monday,Tuesday,Wednesday,Thursday,Friday,Saturday,Sunday",Kalaburagi;Belagavi,156,194,8h 30m,04:00 AM,GPS;LiveTracking,34,Volvo,Yes,Yes,8182872722,4.7,
KA-23-8466,VRL Travels,Tumakuru,Mysuru,"Monday,Tuesday,Wednesday,Thursday,Friday,Saturday,Sunday",Hubballi;Bengaluru,125,169,4h 30m,08:45 PM,GPS;LiveTracking,47,Super Deluxe,Yes,Yes,7351256651,3.6,Delayed
KA-20-2494,KSRTC Rajahamsa,Tumakuru,Mangaluru,"Monday,Tuesday,Wednesday,Thursday,Friday,Saturday,Sunday",Mysuru;Kalaburagi;Hubballi,155,225,3h 15m,09:30 PM,ReadingLight;Charging,6,Super Deluxe,Yes,Yes,9826053776,3.2,Delayed
KA-87-2406,KSRTC Sarige,Tumakuru,Mangaluru,"Monday,Tuesday,Wednesday,Thursday,Friday,Saturday,Sunday",Kalaburagi;Hubballi;Udupi,100,84,7h 45m,02:45 AM,Charging;LiveTracking,40,Super Deluxe,Yes,No,6944196085,3.8,Weekend rush
KA-11-7467,KSRTC Airavat,Tumakuru,Hubballi,"Monday,Tuesday,Wednesday,Thursday,Friday,Saturday,Sunday",Udupi;Belagavi,216,286,8h 0m,02:15 PM,USB;ReadingLight,20,Non-Stop,No,No,9353660276,2.5,Weekend rush
KA-23-3228,KSRTC Sarige,Tumakuru,Hubballi,"Monday,Tuesday,Wednesday,Thursday,Friday,Saturday,Sunday",,383,611,9h 0m,12:45 PM,WiFi;Charging,43,Airavat Club Class,Yes,No,8706612165,4.0,Delayed
KA-15-7049,KSRTC Sarige,Tumakuru,Belagavi,"Monday,Tuesday,Wednesday,Thursday,Friday,Saturday,Sunday",,210,273,9h 30m,03:30 PM,WiFi;Charging,39,Express,Yes,No,6613880532,4.9,
KA-26-1738,KSRTC Airavat,Tumakuru,Belagavi,"Monday,Tuesday,Wednesday,Thursday,Friday,Saturday,Sunday",,203,276,4h 45m,01:00 PM,USB;ReadingLight,4,Volvo,Yes,No,6706939508,4.9,
KA-10-4039,KSRTC Rajahamsa,Tumakuru,Kalaburagi,"Monday,Tuesday,Wednesday,Thursday,Friday,Saturday,Sunday",Hubballi,150,205,6h 45m,11:45 PM,Charging;LiveTracking,24,Super Deluxe,Yes,No,7034910777,2.5,Weekend rush
KA-03-1237,VRL Travels,Tumakuru,Kalaburagi,"Monday,Tuesday,Wednesday,Thursday,Friday,Saturday,Sunday",,64,80,6h 30m,04:15 PM,GPS;LiveTracking,52,Non-Stop,Yes,Yes,9506206114,4.2,Delayed
KA-48-7657,KSRTC Sarige,Tumakuru,Shivamogga,"Monday,Tuesday,Wednesday,Thursday,Friday,Saturday,Sunday",Mysuru,138,181,7h 15m,11:30 PM,WiFi;Charging,28,Non-Stop,No,Yes,8113418703,2.7,Weekend rush
KA-50-4610,KSRTC Sarige,Tumakuru,Shivamogga,"Monday,Tuesday,Wednesday,Thursday,Friday,Saturday,Sunday",Hubballi,94,101,2h 15m,10:15 PM,GPS;LiveTracking,6,Super Deluxe,Yes,Yes,6265687974,4.4,Weekend rush
KA-13-9225,KSRTC Airavat,Tumakuru,Davanagere,"Monday,Tuesday,Wednesday,Thursday,Friday,Saturday,Sunday",Kalaburagi,90,87,2h 0m,04:45 PM,Charging;LiveTracking,37,Super Deluxe,No,No,6202273902,3.6,
KA-55-9016,VRL Travels,Tumakuru,Davanagere,"Monday,Tuesday,Wednesday,Thursday,Friday,Saturday,Sunday",Udupi;Mangaluru,189,294,9h 30m,10:00 AM,WiFi;USB,54,Airavat Club Class,Yes,No,6698547845,3.1,
KA-69-6642,KSRTC Sarige,Tumakuru,Udupi,"Monday,Tuesday,Wednesday,Thursday,Friday,Saturday,Sunday",Bengaluru;Hubballi,57,80,8h 45m,05:30 PM,WiFi;USB,28,Super Deluxe,Yes,No,8278954818,4.7,Weekend rush
KA-68-4169,VRL Travels,Tumakuru,Udupi,"Monday,Tuesday,Wednesday,Thursday,Friday,Saturday,Sunday",Kalaburagi;Hubballi,168,185,7h 30m,11:30 AM,USB;ReadingLight,25,Super Deluxe,Yes,No,7261143598,3.6,Delayed
KA-42-9834,VRL Travels,Udupi,Bengaluru,"Monday,Tuesday,Wednesday,Thursday,Friday,Saturday,Sunday",Hubballi,137,163,2h 15m,09:30 AM,WiFi;USB,55,Super Deluxe,Yes,Yes,7797346012,3.6,Delayed
KA-95-8591,KSRTC Ambaari Dreamliner,Udupi,Bengaluru,"Monday,Tuesday,Wednesday,Thursday,Friday,Saturday,Sunday",,124,174,8h 0m,07:00 PM,GPS;LiveTracking,40,Non-Stop,Yes,No,7512693047,4.1,Delayed
KA-44-4724,KSRTC Rajahamsa,Udupi,Mysuru,"Monday,Tuesday,Wednesday,Thursday,Friday,Saturday,Sunday",Kalaburagi;Hubballi,74,96,8h 45m,02:45 PM,USB;ReadingLight,6,Express,Yes,No,8330565640,4.0,Delayed
KA-02-5121,KSRTC Sarige,Udupi,Mysuru,"Monday,Tuesday,Wednesday,Thursday,Friday,Saturday,Sunday",,112,98,8h 45m,10:15 AM,GPS;LiveTracking,46,Airavat Club Class,Yes,No,8933993182,4.0,Weekend rush
KA-85-4824,KSRTC Rajahamsa,Udupi,Mangaluru,"Monday,Tuesday,Wednesday,Thursday,Friday,Saturday,Sunday",Bengaluru,160,160,4h 0m,08:30 PM,GPS;LiveTracking,40,Express,Yes,No,9144783727,2.8,Delayed
KA-95-7125,Sugama Travels,Udupi,Mangaluru,"Monday,Tuesday,Wednesday,Thursday,Friday,Saturday,Sunday",Kalaburagi,54,80,6h 15m,09:00 PM,WiFi;USB,28,Volvo,Yes,No,8719950331,4.9,Weekend rush
KA-37-1524,Sugama Travels,Udupi,Hubballi,"Monday,Tuesday,Wednesday,Thursday,Friday,Saturday,Sunday",Kalaburagi;Tumakuru;Shivamogga,142,189,5h 30m,10:30 AM,WiFi;Charging,21,Volvo,No,Yes,7428606455,3.5,
KA-88-3353,VRL Travels,Udupi,Hubballi,"Monday,Tuesday,Wednesday,Thursday,Friday,Saturday,Sunday",,213,181,5h 15m,11:00 AM,WiFi;Charging,37,Non-Stop,Yes,Yes,9578110422,5.0,Delayed
KA-78-8679,KSRTC Airavat,Udupi,Belagavi,"Monday,Tuesday,Wednesday,Thursday,Friday,Saturday,Sunday",,66,86,2h 45m,11:00 AM,ReadingLight;Charging,25,Volvo,Yes,No,9642617961,3.2,
KA-65-7688,KSRTC Airavat,Udupi,Belagavi,"Monday,Tuesday,Wednesday,Thursday,Friday,Saturday,Sunday",Mangaluru;Kalaburagi,91,135,8h 0m,06:15 AM,Charging;LiveTracking,8,Volvo,Yes,No,7582784982,3.3,Delayed
KA-03-8031,KSRTC Airavat,Udupi,Kalaburagi,"Monday,Tuesday,Wednesday,Thursday,Friday,Saturday,Sunday",Tumakuru;Mangaluru,80,126,3h 0m,09:45 AM,USB;ReadingLight,44,Volvo,Yes,No,9899544027,2.9,
KA-90-7787,KSRTC Airavat,Udupi,Kalaburagi,"Monday,Tuesday,Wednesday,Thursday,Friday,Saturday,Sunday",Shivamogga,193,234,7h 45m,04:15 PM,WiFi;Charging,25,Express,Yes,No,9624563754,2.9,On time
KA-10-1688,KSRTC Rajahamsa,Udupi,Shivamogga,"Monday,Tuesday,Wednesday,Thursday,Friday,Saturday,Sunday",,235,322,3h 30m,06:45 PM,GPS;LiveTracking,8,Volvo,Yes,Yes,9348639353,3.3,On time
KA-48-7648,KSRTC Airavat Club Class,Udupi,Shivamogga,"Monday,Tuesday,Wednesday,Thursday,Friday,Saturday,Sunday",Kalaburagi,83,109,4h 45m,05:30 AM,Charging;LiveTracking,43,Airavat Club Class,No,No,9662156515,4.4,On time
KA-86-9808,SRS Travels,Udupi,Davanagere,"Monday,Tuesday,Wednesday,Thursday,Friday,Saturday,Sunday",,164,132,5h 45m,10:00 AM,ReadingLight;Charging,6,Volvo,Yes,No,8321238593,2.6,Delayed
KA-84-1756,KSRTC Airavat Club Class,Udupi,Davanagere,"Monday,Tuesday,Wednesday,Thursday,Friday,Saturday,Sunday",Mangaluru;Bengaluru,175,190,2h 30m,07:15 AM,WiFi;Charging,8,Express,No,No,9727838588,3.6,On time
KA-21-4800,KSRTC Rajahamsa,Udupi,Tumakuru,"Monday,Tuesday,Wednesday,Thursday,Friday,Saturday,Sunday",Mangaluru,315,412,5h 30m,10:45 PM,USB;ReadingLight,11,Super Deluxe,No,Yes,8591300419,3.3,On time
KA-72-5977,KSRTC Ambaari Dreamliner,Udupi,Tumakuru,"Monday,Tuesday,Wednesday,Thursday,Friday,Saturday,Sunday",,156,243,3h 15m,10:30 PM,ReadingLight;Charging,30,Airavat Club Class,No,No,8011698531,4.3,
KA-35-6483,SRS Travels,Udupi,Mysuru,"Monday,Tuesday,Wednesday,Thursday,Friday,Saturday,Sunday",Mangaluru;Tumakuru;Shivamogga,210,170,4h 0m,10:15 PM,GPS;LiveTracking,30,Super Deluxe,Yes,Yes,8265062687,2.7,Delayed
KA-44-5546,Sugama Travels,Kalaburagi,Mangaluru,"Monday,Tuesday,Wednesday,Thursday,Friday,Saturday,Sunday",Mysuru;Bengaluru;Udupi,354,429,8h 0m,06:45 PM,Charging;LiveTracking,4,Airavat Club Class,Yes,Yes,9806890556,3.0,On time
KA-37-9067,KSRTC Ambaari Dreamliner,Mysuru,Bengaluru,"Monday,Tuesday,Wednesday,Thursday,Friday,Saturday,Sunday",Belagavi;Tumakuru;Mangaluru,216,294,3h 45m,04:00 AM,ReadingLight;Charging,31,Express,Yes,No,9538873983,3.5,Weekend rush
KA-77-6534,Sugama Travels,Davanagere,Hubballi,"Monday,Tuesday,Wednesday,Thursday,Friday,Saturday,Sunday",Shivamogga;Bengaluru,148,126,3h 15m,08:00 AM,Charging;LiveTracking,47,Non-Stop,Yes,Yes,6627297716,3.4,Weekend rush
KA-11-3171,KSRTC Rajahamsa,Belagavi,Tumakuru,"Monday,Tuesday,Wednesday,Thursday,Friday,Saturday,Sunday",,217,190,8h 15m,12:00 PM,WiFi;Charging,36,Non-Stop,No,No,6582734890,3.1,Weekend rush
KA-56-1845,KSRTC Airavat Club Class,Davanagere,Shivamogga,"Monday,Tuesday,Wednesday,Thursday,Friday,Saturday,Sunday",Bengaluru;Udupi,108,171,7h 15m,02:30 PM,USB;ReadingLight,25,Volvo,No,No,8519092375,4.4,
KA-07-5017,KSRTC Ambaari Dreamliner,Udupi,Davanagere,"Monday,Tuesday,Wednesday,Thursday,Friday,Saturday,Sunday",Mangaluru;Tumakuru;Mysuru,331,453,8h 15m,07:30 AM,ReadingLight;Charging,21,Airavat Club Class,Yes,Yes,8245349894,3.2,Weekend rush
KA-69-9925,KSRTC Airavat Club Class,Kalaburagi,Udupi,"Monday,Tuesday,Wednesday,Thursday,Friday,Saturday,Sunday",Mysuru;Belagavi,164,260,7h 15m,02:15 PM,USB;ReadingLight,27,Non-Stop,No,Yes,8796756830,3.5,
KA-83-2118,VRL Travels,Mangaluru,Kalaburagi,"Monday,Tuesday,Wednesday,Thursday,Friday,Saturday,Sunday",,136,122,3h 45m,03:00 AM,Charging;LiveTracking,51,Airavat Club Class,Yes,No,9497134884,2.6,On time
KA-62-3886,KSRTC Airavat Club Class,Belagavi,Mangaluru,"Monday,Tuesday,Wednesday,Thursday,Friday,Saturday,Sunday",Mysuru,106,90,6h 45m,05:45 PM,ReadingLight;Charging,38,Non-Stop,Yes,No,8283500686,3.0,Delayed
KA-74-1494,KSRTC Airavat,Tumakuru,Mangaluru,"Monday,Tuesday,Wednesday,Thursday,Friday,Saturday,Sunday",Belagavi;Bengaluru;Davanagere,264,371,10h 15m,02:45 PM,WiFi;Charging,37,Non-Stop,Yes,No,6146765721,3.3,Weekend rush
KA-42-8378,KSRTC Ambaari Dreamliner,Davanagere,Udupi,"Monday,Tuesday,Wednesday,Thursday,Friday,Saturday,Sunday",Tumakuru;Shivamogga;Bengaluru,149,181,4h 45m,10:00 PM,USB;ReadingLight,40,Super Deluxe,Yes,Yes,9231577982,4.2,
KA-18-2169,KSRTC Ambaari Dreamliner,Bengaluru,Mangaluru,"Monday,Tuesday,Wednesday,Thursday,Friday,Saturday,Sunday",Udupi,313,302,11h 45m,12:30 AM,Charging;LiveTracking,14,Super Deluxe,No,No,7193423962,4.3,Weekend rush
KA-27-9995,KSRTC Airavat,Mangaluru,Belagavi,"Monday,Tuesday,Wednesday,Thursday,Friday,Saturday,Sunday",Hubballi;Bengaluru,132,186,4h 0m,04:45 AM,WiFi;USB,17,Volvo,No,No,6421751093,4.2,
KA-37-6451,KSRTC Airavat,Mangaluru,Belagavi,"Monday,Tuesday,Wednesday,Thursday,Friday,Saturday,Sunday",Shivamogga,233,355,7h 0m,12:45 PM,WiFi;Charging,21,Express,Yes,No,8561145868,3.8,
KA-29-8102,VRL Travels,Mangaluru,Belagavi,"Monday,Tuesday,Wednesday,Thursday,Friday,Saturday,Sunday",Mysuru,279,374,4h 30m,12:45 PM,USB;ReadingLight,46,Airavat Club Class,Yes,No,8392467210,4.9,On time
KA-28-4218,KSRTC Airavat,Mysuru,Bengaluru,"Monday,Tuesday,Wednesday,Thursday,Friday,Saturday,Sunday",Kalaburagi;Hubballi,115,107,4h 45m,09:30 PM,WiFi;Charging,5,Express,Yes,No,9147568769,2.5,On time
KA-90-9127,Sugama Travels,Kalaburagi,Tumakuru,"Monday,Tuesday,Wednesday,Thursday,Friday,Saturday,Sunday",,231,301,8h 0m,01:30 AM,WiFi;Charging,54,Volvo,No,No,6711943871,4.3,
KA-92-1367,VRL Travels,Davanagere,Belagavi,"Monday,Tuesday,Wednesday,Thursday,Friday,Saturday,Sunday",Hubballi,217,290,5h 45m,07:00 PM,GPS;LiveTracking,19,Airavat Club Class,Yes,No,6164430579,3.8,
KA-22-6208,VRL Travels,Bengaluru,Shivamogga,"Monday,Tuesday,Wednesday,Thursday,Friday,Saturday,Sunday",Mysuru,234,293,6h 0m,03:45 PM,WiFi;Charging,21,Airavat Club Class,No,No,9829428001,4.5,
KA-83-2218,Sugama Travels,Mysuru,Hubballi,"Monday,Tuesday,Wednesday,Thursday,Friday,Saturday,Sunday",Shivamogga,76,89,4h 0m,11:30 PM,ReadingLight;Charging,38,Volvo,Yes,Yes,9952880746,3.0,On time
KA-40-3925,KSRTC Airavat,Mysuru,Hubballi,"Monday,Tuesday,Wednesday,Thursday,Friday,Saturday,Sunday",Davanagere;Kalaburagi;Belagavi,119,157,8h 15m,10:00 AM,ReadingLight;Charging,17,Airavat Club Class,Yes,No,8167824841,4.9,
KA-27-2498,KSRTC Ambaari Dreamliner,Kalaburagi,Hubballi,"Monday,Tuesday,Wednesday,Thursday,Friday,Saturday,Sunday",,90,127,5h 30m,02:30 AM,GPS;LiveTracking,22,Non-Stop,Yes,Yes,9089288743,4.2,Weekend rush
KA-56-4926,KSRTC Airavat,Bengaluru,Kalaburagi,"Monday,Tuesday,Wednesday,Thursday,Friday,Saturday,Sunday",Shivamogga,388,337,12h 15m,01:00 AM,WiFi;USB,40,Airavat Club Class,Yes,No,8966679771,3.1,Delayed
KA-80-6490,SRS Travels,Hubballi,Davanagere,"Monday,Tuesday,Wednesday,Thursday,Friday,Saturday,Sunday",,63,80,2h 15m,08:15 AM,WiFi;Charging,26,Express,No,No,9019186048,3.4,Delayed
KA-17-4084,KSRTC Sarige,Shivamogga,Davanagere,"Monday,Tuesday,Wednesday,Thursday,Friday,Saturday,Sunday",Mangaluru;Bengaluru;Hubballi,141,199,2h 45m,07:45 AM,WiFi;USB,12,Super Deluxe,No,No,8939516014,4.2,Weekend rush
KA-52-1199,KSRTC Sarige,Belagavi,Mangaluru,"Monday,Tuesday,Wednesday,Thursday,Friday,Saturday,Sunday",Hubballi,167,247,6h 45m,10:45 PM,USB;ReadingLight,34,Volvo,Yes,Yes,9717118737,3.0,On time
KA-07-8671,KSRTC Rajahamsa,Hubballi,Mangaluru,"Monday,Tuesday,Wednesday,Thursday,Friday,Saturday,Sunday",Shivamogga;Bengaluru;Belagavi,44,80,3h 30m,05:45 AM,Charging;LiveTracking,49,Volvo,Yes,No,6099415693,3.0,Weekend rush
KA-67-9916,KSRTC Airavat,Kalaburagi,Udupi,"Monday,Tuesday,Wednesday,Thursday,Friday,Saturday,Sunday",Mysuru;Belagavi;Davanagere,183,204,3h 15m,04:45 AM,USB;ReadingLight,49,Express,Yes,Yes,8060102124,3.2,Delayed
KA-90-5948,SRS Travels,Bengaluru,Udupi,"Monday,Tuesday,Wednesday,Thursday,Friday,Saturday,Sunday",,269,251,7h 45m,04:45 AM,Charging;LiveTracking,28,Super Deluxe,No,Yes,9778540822,3.2,Delayed
KA-34-6785,KSRTC Airavat,Bengaluru,Udupi,"Monday,Tuesday,Wednesday,Thursday,Friday,Saturday,Sunday",Belagavi,245,314,7h 30m,12:00 AM,ReadingLight;Charging,5,Airavat Club Class,Yes,Yes,6149542798,4.8,On time
KA-34-8622,KSRTC Ambaari Dreamliner,Hubballi,Davanagere,"Monday,Tuesday,Wednesday,Thursday,Friday,Saturday,Sunday",,319,344,5h 0m,01:15 PM,Charging;LiveTracking,34,Express,Yes,Yes,7844432061,3.5,On time
KA-09-4512,VRL Travels,Hubballi,Bengaluru,"Monday,Tuesday,Wednesday,Thursday,Friday,Saturday,Sunday",,284,429,9h 15m,11:45 AM,WiFi;Charging,3,Super Deluxe,Yes,No,8398003392,2.9,Delayed
KA-88-9232,KSRTC Airavat Club Class,Shivamogga,Udupi,"Monday,Tuesday,Wednesday,Thursday,Friday,Saturday,Sunday",Hubballi;Tumakuru;Mysuru,332,434,9h 0m,03:45 PM,WiFi;USB,28,Express,Yes,No,6780260974,3.8,On time
KA-07-1082,KSRTC Airavat Club Class,Tumakuru,Davanagere,"Monday,Tuesday,Wednesday,Thursday,Friday,Saturday,Sunday",Mangaluru,103,161,6h 30m,05:45 PM,USB;ReadingLight,37,Non-Stop,Yes,No,8013405863,4.9,Delayed
KA-67-9372,KSRTC Ambaari Dreamliner,Udupi,Mangaluru,"Monday,Tuesday,Wednesday,Thursday,Friday,Saturday,Sunday",,40,80,4h 45m,04:30 PM,Charging;LiveTracking,5,Express,Yes,No,8735114342,3.7,On time
KA-90-7585,VRL Travels,Mangaluru,Mysuru,"Monday,Tuesday,Wednesday,Thursday,Friday,Saturday,Sunday",Tumakuru,279,430,9h 45m,04:45 PM,ReadingLight;Charging,32,Super Deluxe,Yes,Yes,8058285488,3.2,Delayed
KA-85-1012,KSRTC Rajahamsa,Shivamogga,Davanagere,"Monday,Tuesday,Wednesday,Thursday,Friday,Saturday,Sunday",Bengaluru;Udupi,151,239,5h 15m,12:00 AM,WiFi;Charging,34,Super Deluxe,Yes,No,7901032533,4.6,Delayed
KA-99-9923,KSRTC Ambaari Dreamliner,Tumakuru,Mysuru,"Monday,Tuesday,Wednesday,Thursday,Friday,Saturday,Sunday",,278,420,6h 0m,12:45 AM,GPS;LiveTracking,47,Super Deluxe,Yes,No,9023634420,3.4,On time
KA-60-6041,KSRTC Ambaari Dreamliner,Mangaluru,Kalaburagi,"Monday,Tuesday,Wednesday,Thursday,Friday,Saturday,Sunday",Davanagere,198,308,5h 15m,05:00 AM,USB;ReadingLight,6,Airavat Club Class,Yes,No,6494111192,4.1,On time
KA-13-7932,KSRTC Ambaari Dreamliner,Tumakuru,Shivamogga,"Monday,Tuesday,Wednesday,Thursday,Friday,Saturday,Sunday",Davanagere;Hubballi,354,369,7h 45m,11:30 PM,WiFi;Charging,13,Express,Yes,No,8978497951,2.6,Delayed
KA-05-8944,KSRTC Rajahamsa,Shivamogga,Mangaluru,"Monday,Tuesday,Wednesday,Thursday,Friday,Saturday,Sunday",Mysuru,70,101,4h 45m,06:00 AM,ReadingLight;Charging,40,Airavat Club Class,No,No,6676499393,4.7,Delayed
KA-26-8465,SRS Travels,Udupi,Kalaburagi,"Monday,Tuesday,Wednesday,Thursday,Friday,Saturday,Sunday",Hubballi,163,229,6h 0m,05:30 AM,Charging;LiveTracking,42,Super Deluxe,Yes,Yes,9829736581,3.4,Weekend rush
KA-18-9808,KSRTC Airavat Club Class,Mysuru,Mangaluru,"Monday,Tuesday,Wednesday,Thursday,Friday,Saturday,Sunday",,303,361,5h 15m,02:45 AM,WiFi;USB,34,Airavat Club Class,Yes,Yes,7027460234,2.9,On time
KA-79-6485,KSRTC Sarige,Tumakuru,Udupi,"Monday,Tuesday,Wednesday,Thursday,Friday,Saturday,Sunday",Shivamogga,344,276,9h 15m,03:45 AM,ReadingLight;Charging,34,Airavat Club Class,Yes,Yes,9424541380,4.7,On time
KA-51-2781,VRL Travels,Kalaburagi,Mysuru,"Monday,Tuesday,Wednesday,Thursday,Friday,Saturday,Sunday",Davanagere,193,170,4h 30m,05:45 AM,WiFi;USB,16,Non-Stop,Yes,No,7756656951,3.8,On time
KA-16-8322,Sugama Travels,Tumakuru,Udupi,"Monday,Tuesday,Wednesday,Thursday,Friday,Saturday,Sunday",,245,259,6h 30m,05:15 AM,GPS;LiveTracking,36,Non-Stop,Yes,No,9305570526,3.9,
KA-84-1899,Sugama Travels,Kalaburagi,Davanagere,"Monday,Tuesday,Wednesday,Thursday,Friday,Saturday,Sunday",,40,80,7h 15m,06:15 PM,WiFi;Charging,20,Airavat Club Class,Yes,No,8484126711,3.0,
KA-28-3016,KSRTC Sarige,Bengaluru,Davanagere,"Monday,Tuesday,Wednesday,Thursday,Friday,Saturday,Sunday",,42,80,4h 45m,03:45 PM,WiFi;Charging,3,Express,Yes,No,8375797493,3.9,
KA-20-1856,SRS Travels,Kalaburagi,Shivamogga,"Monday,Tuesday,Wednesday,Thursday,Friday,Saturday,Sunday",Belagavi,305,437,5h 15m,12:45 PM,GPS;LiveTracking,41,Express,Yes,Yes,8477128961,4.9,Weekend rush
KA-53-1380,Sugama Travels,Belagavi,Kalaburagi,"Monday,Tuesday,Wednesday,Thursday,Friday,Saturday,Sunday",Davanagere,60,81,7h 0m,08:00 PM,ReadingLight;Charging,11,Airavat Club Class,Yes,No,8445955929,5.0,Weekend rush
KA-47-9273,Sugama Travels,Udupi,Davanagere,"Monday,Tuesday,Wednesday,Thursday,Friday,Saturday,Sunday",Mangaluru;Tumakuru,103,131,4h 45m,07:00 AM,ReadingLight;Charging,55,Volvo,Yes,Yes,9663241997,3.5,Delayed
KA-26-2255,KSRTC Airavat Club Class,Kalaburagi,Udupi,"Monday,Tuesday,Wednesday,Thursday,Friday,Saturday,Sunday",Shivamogga;Belagavi;Davanagere,87,84,8h 45m,12:45 AM,Charging;LiveTracking,20,Airavat Club Class,Yes,No,7268298901,3.0,
KA-50-6392,SRS Travels,Kalaburagi,Shivamogga,"Monday,Tuesday,Wednesday,Thursday,Friday,Saturday,Sunday",Davanagere;Bengaluru;Udupi,221,227,3h 0m,04:00 AM,WiFi;Charging,1,Volvo,No,Yes,8014952474,4.0,
KA-85-5297,KSRTC Airavat Club Class,Shivamogga,Mysuru,"Monday,Tuesday,Wednesday,Thursday,Friday,Saturday,Sunday",,317,395,8h 30m,01:30 PM,Charging;LiveTracking,14,Volvo,Yes,Yes,9405814341,4.5,
KA-23-5576,Sugama Travels,Belagavi,Bengaluru,"Monday,Tuesday,Wednesday,Thursday,Friday,Saturday,Sunday",Hubballi,80,97,4h 45m,05:30 AM,WiFi;USB,22,Express,Yes,No,9707313084,4.9,On time
KA-27-1238,Sugama Travels,Shivamogga,Davanagere,"Monday,Tuesday,Wednesday,Thursday,Friday,Saturday,Sunday",Kalaburagi;Belagavi,370,398,11h 0m,02:15 PM,WiFi;USB,6,Non-Stop,Yes,Yes,9931554546,4.2,Weekend rush
KA-14-8012,SRS Travels,Mysuru,Shivamogga,"Monday,Tuesday,Wednesday,Thursday,Friday,Saturday,Sunday",Hubballi;Davanagere;Belagavi,327,325,7h 45m,11:15 PM,USB;ReadingLight,25,Volvo,Yes,Yes,9394725656,5.0,Weekend rush
KA-10-4677,KSRTC Rajahamsa,Mysuru,Shivamogga,"Monday,Tuesday,Wednesday,Thursday,Friday,Saturday,Sunday",Mangaluru;Belagavi;Davanagere,280,381,6h 0m,04:00 AM,Charging;LiveTracking,43,Express,No,No,6211113922,2.7,Delayed
KA-28-2805,KSRTC Rajahamsa,Mysuru,Bengaluru,"Monday,Tuesday,Wednesday,Thursday,Friday,Saturday,Sunday",Kalaburagi,174,227,7h 0m,07:45 AM,WiFi;Charging,37,Non-Stop,No,No,6734800726,3.9,Delayed
KA-33-6358,KSRTC Rajahamsa,Shivamogga,Hubballi,"Monday,Tuesday,Wednesday,Thursday,Friday,Saturday,Sunday",,218,238,3h 0m,05:30 AM,WiFi;Charging,11,Airavat Club Class,Yes,No,8543561810,4.4,
KA-32-1489,KSRTC Rajahamsa,Bengaluru,Mangaluru,"Monday,Tuesday,Wednesday,Thursday,Friday,Saturday,Sunday",Shivamogga,117,116,6h 15m,02:45 PM,GPS;LiveTracking,26,Express,No,No,6347483000,2.5,Weekend rush
KA-15-3548,VRL Travels,Shivamogga,Belagavi,"Monday,Tuesday,Wednesday,Thursday,Friday,Saturday,Sunday",Hubballi;Udupi,306,439,9h 0m,01:45 AM,Charging;LiveTracking,15,Express,Yes,No,8546458836,4.1,On time
KA-94-6616,KSRTC Sarige,Bengaluru,Tumakuru,"Monday,Tuesday,Wednesday,Thursday,Friday,Saturday,Sunday",Shivamogga;Kalaburagi,261,262,10h 45m,05:15 PM,ReadingLight;Charging,49,Non-Stop,No,No,8309984824,3.3,
KA-47-1805,KSRTC Sarige,Davanagere,Tumakuru,"Monday,Tuesday,Wednesday,Thursday,Friday,Saturday,Sunday",,285,293,5h 30m,04:45 PM,USB;ReadingLight,19,Non-Stop,Yes,No,6171079079,4.6,Weekend rush
KA-08-2400,KSRTC Sarige,Belagavi,Udupi,"Monday,Tuesday,Wednesday,Thursday,Friday,Saturday,Sunday",Mysuru;Shivamogga,264,329,8h 45m,01:00 AM,WiFi;USB,42,Non-Stop,No,Yes,9281554329,3.5,On time
KA-44-5826,KSRTC Sarige,Belagavi,Tumakuru,"Monday,Tuesday,Wednesday,Thursday,Friday,Saturday,Sunday",Mangaluru;Bengaluru,305,473,9h 15m,05:15 AM,USB;ReadingLight,32,Super Deluxe,Yes,Yes,8659482472,4.3,Weekend rush
KA-84-3393,KSRTC Ambaari Dreamliner,Belagavi,Shivamogga,"Monday,Tuesday,Wednesday,Thursday,Friday,Saturday,Sunday",,281,311,7h 0m,12:30 PM,GPS;LiveTracking,10,Express,Yes,No,6530067515,3.9,
KA-65-7428,KSRTC Ambaari Dreamliner,Belagavi,Kalaburagi,"Monday,Tuesday,Wednesday,Thursday,Friday,Saturday,Sunday",Udupi;Mangaluru;Hubballi,60,91,8h 30m,07:15 AM,USB;ReadingLight,28,Airavat Club Class,Yes,No,8757796021,2.5,
KA-62-3569,KSRTC Airavat Club Class,Mangaluru,Mysuru,"Monday,Tuesday,Wednesday,Thursday,Friday,Saturday,Sunday",Shivamogga;Belagavi;Udupi,74,109,7h 30m,08:30 PM,ReadingLight;Charging,27,Super Deluxe,Yes,No,7236820434,3.3,On time
KA-44-6358,KSRTC Airavat,Shivamogga,Tumakuru,"Monday,Tuesday,Wednesday,Thursday,Friday,Saturday,Sunday",Bengaluru;Belagavi,46,80,3h 30m,04:30 AM,WiFi;USB,5,Volvo,Yes,Yes,7273303246,3.9,
KA-67-3097,KSRTC Airavat Club Class,Davanagere,Mysuru,"Monday,Tuesday,Wednesday,Thursday,Friday,Saturday,Sunday",Kalaburagi;Belagavi,71,80,6h 30m,08:45 PM,WiFi;Charging,8,Express,Yes,No,9210147934,4.9,Delayed
KA-69-3446,KSRTC Airavat,Hubballi,Bengaluru,"Monday,Tuesday,Wednesday,Thursday,Friday,Saturday,Sunday",Davanagere;Udupi;Belagavi,287,401,8h 30m,01:30 AM,GPS;LiveTracking,15,Non-Stop,Yes,No,7318166206,4.7,Delayed
KA-12-1606,Sugama Travels,Kalaburagi,Mangaluru,"Monday,Tuesday,Wednesday,Thursday,Friday,Saturday,Sunday",,143,178,4h 15m,04:15 AM,WiFi;Charging,40,Super Deluxe,Yes,No,7742487332,4.0,Weekend rush
KA-04-9777,KSRTC Rajahamsa,Hubballi,Shivamogga,"Monday,Tuesday,Wednesday,Thursday,Friday,Saturday,Sunday",Mysuru,115,100,8h 15m,06:45 AM,Charging;LiveTracking,23,Volvo,Yes,No,6484946632,3.5,Delayed
KA-40-5706,VRL Travels,Belagavi,Tumakuru,"Monday,Tuesday,Wednesday,Thursday,Friday,Saturday,Sunday",Hubballi;Mangaluru;Udupi,348,486,6h 15m,04:45 AM,WiFi;USB,5,Super Deluxe,Yes,No,6378002901,3.8,
KA-56-4269,SRS Travels,Mangaluru,Bengaluru,"Monday,Tuesday,Wednesday,Thursday,Friday,Saturday,Sunday",Udupi;Tumakuru,149,235,6h 0m,01:45 AM,WiFi;Charging,44,Airavat Club Class,Yes,No,8074064087,2.8,Delayed
KA-82-5919,KSRTC Ambaari Dreamliner,Mangaluru,Udupi,"Monday,Tuesday,Wednesday,Thursday,Friday,Saturday,Sunday",,98,85,5h 30m,02:45 PM,WiFi;USB,9,Express,No,No,7833521782,2.9,
KA-68-7864,KSRTC Sarige,Davanagere,Mangaluru,"Monday,Tuesday,Wednesday,Thursday,Friday,Saturday,Sunday",Hubballi;Kalaburagi;Mysuru,51,80,6h 45m,10:30 PM,WiFi;USB,19,Non-Stop,Yes,No,6809259199,3.0,Delayed
KA-83-1554,KSRTC Sarige,Udupi,Mangaluru,"Monday,Tuesday,Wednesday,Thursday,Friday,Saturday,Sunday",Kalaburagi;Shivamogga;Hubballi,275,274,8h 15m,12:30 PM,ReadingLight;Charging,2,Express,Yes,No,7807193517,3.9,Weekend rush
KA-52-2166,KSRTC Rajahamsa,Davanagere,Shivamogga,"Monday,Tuesday,Wednesday,Thursday,Friday,Saturday,Sunday",,97,133,3h 30m,12:00 AM,USB;ReadingLight,31,Non-Stop,Yes,No,8736574752,2.6,On time
KA-71-4065,KSRTC Ambaari Dreamliner,Davanagere,Mangaluru,"Monday,Tuesday,Wednesday,Thursday,Friday,Saturday,Sunday",Mysuru,242,351,7h 30m,03:00 PM,WiFi;Charging,35,Express,Yes,No,9441105212,3.9,Weekend rush
KA-50-6019,Sugama Travels,Belagavi,Mysuru,"Monday,Tuesday,Wednesday,Thursday,Friday,Saturday,Sunday",Kalaburagi,394,366,11h 45m,08:30 AM,WiFi;Charging,49,Volvo,Yes,No,8089564614,2.8,Delayed
KA-12-3180,KSRTC Airavat,Tumakuru,Davanagere,"Monday,Tuesday,Wednesday,Thursday,Friday,Saturday,Sunday",,208,270,9h 45m,04:15 AM,WiFi;Charging,28,Express,Yes,No,8834502664,3.9,Weekend rush
KA-10-3888,SRS Travels,Hubballi,Udupi,"Monday,Tuesday,Wednesday,Thursday,Friday,Saturday,Sunday",Belagavi;Bengaluru;Davanagere,113,94,4h 30m,02:15 AM,ReadingLight;Charging,22,Non-Stop,Yes,No,9671298295,2.8,Weekend rush
KA-20-7166,KSRTC Sarige,Kalaburagi,Davanagere,"Monday,Tuesday,Wednesday,Thursday,Friday,Saturday,Sunday",Tumakuru;Udupi,272,309,5h 45m,01:15 AM,WiFi;Charging,34,Express,Yes,No,6739411879,3.4,Delayed
KA-13-9059,KSRTC Sarige,Belagavi,Davanagere,"Monday,Tuesday,Wednesday,Thursday,Friday,Saturday,Sunday",,252,301,6h 0m,08:45 PM,USB;ReadingLight,11,Express,Yes,No,6434898214,3.9,Weekend rush
KA-72-7970,SRS Travels,Belagavi,Kalaburagi,"Monday,Tuesday,Wednesday,Thursday,Friday,Saturday,Sunday",Davanagere;Mangaluru,307,265,11h 0m,06:30 PM,WiFi;USB,42,Volvo,Yes,Yes,7468739176,4.2,Weekend rush
KA-83-8314,KSRTC Airavat Club Class,Bengaluru,Mysuru,"Monday,Tuesday,Wednesday,Thursday,Friday,Saturday,Sunday",,275,356,6h 15m,06:15 AM,USB;ReadingLight,49,Volvo,No,Yes,9909727856,4.1,Weekend rush
KA-04-2239,VRL Travels,Belagavi,Mysuru,"Monday,Tuesday,Wednesday,Thursday,Friday,Saturday,Sunday",Udupi,372,298,8h 45m,03:45 PM,Charging;LiveTracking,19,Volvo,No,No,6596684453,4.0,On time
KA-45-9463,KSRTC Airavat,Bengaluru,Mangaluru,"Monday,Tuesday,Wednesday,Thursday,Friday,Saturday,Sunday",Kalaburagi,124,196,3h 30m,02:00 PM,USB;ReadingLight,38,Volvo,Yes,Yes,7164804213,3.0,On time
KA-93-5741,KSRTC Ambaari Dreamliner,Mangaluru,Tumakuru,"Monday,Tuesday,Wednesday,Thursday,Friday,Saturday,Sunday",Bengaluru;Davanagere;Shivamogga,56,80,2h 45m,01:15 AM,GPS;LiveTracking,51,Express,Yes,Yes,8752287291,3.4,
KA-38-6356,VRL Travels,Bengaluru,Mysuru,"Monday,Tuesday,Wednesday,Thursday,Friday,Saturday,Sunday",Udupi;Kalaburagi;Mangaluru,215,195,6h 45m,10:00 PM,ReadingLight;Charging,33,Express,Yes,No,9507239039,3.2,On time
KA-99-7095,KSRTC Airavat Club Class,Udupi,Tumakuru,"Monday,Tuesday,Wednesday,Thursday,Friday,Saturday,Sunday",Belagavi,50,80,5h 30m,03:30 AM,WiFi;Charging,6,Volvo,Yes,No,8277711476,4.4,Delayed
KA-05-9682,SRS Travels,Udupi,Shivamogga,"Monday,Tuesday,Wednesday,Thursday,Friday,Saturday,Sunday",Belagavi,135,185,5h 45m,09:00 AM,WiFi;USB,47,Express,Yes,No,9093426598,2.9,Delayed
KA-59-2669,Sugama Travels,Belagavi,Shivamogga,"Monday,Tuesday,Wednesday,Thursday,Friday,Saturday,Sunday",,343,529,10h 30m,03:00 AM,ReadingLight;Charging,24,Volvo,Yes,No,6889426776,3.6,
KA-41-2993,KSRTC Ambaari Dreamliner,Belagavi,Mysuru,"Monday,Tuesday,Wednesday,Thursday,Friday,Saturday,Sunday",Shivamogga;Kalaburagi,371,408,10h 0m,06:00 PM,ReadingLight;Charging,45,Volvo,Yes,No,9377606818,2.5,
KA-37-4548,KSRTC Airavat Club Class,Mysuru,Shivamogga,"Monday,Tuesday,Wednesday,Thursday,Friday,Saturday,Sunday",Tumakuru,277,380,7h 15m,06:00 PM,ReadingLight;Charging,41,Express,No,No,7740153141,4.1,On time
KA-96-6376,KSRTC Airavat Club Class,Kalaburagi,Shivamogga,"Monday,Tuesday,Wednesday,Thursday,Friday,Saturday,Sunday",Bengaluru,174,252,4h 30m,03:45 AM,Charging;LiveTracking,43,Express,Yes,No,6005081871,2.9,Delayed
KA-66-9214,VRL Travels,Mysuru,Tumakuru,"Monday,Tuesday,Wednesday,Thursday,Friday,Saturday,Sunday",Belagavi,248,395,7h 0m,08:15 PM,Charging;LiveTracking,36,Non-Stop,Yes,No,7763793190,2.7,Delayed
KA-17-9172,KSRTC Airavat Club Class,Udupi,Belagavi,"Monday,Tuesday,Wednesday,Thursday,Friday,Saturday,Sunday",Mangaluru,307,406,8h 45m,03:30 AM,Charging;LiveTracking,8,Non-Stop,No,No,8307504340,2.6,Weekend rush
KA-18-8294,KSRTC Ambaari Dreamliner,Mysuru,Shivamogga,"Monday,Tuesday,Wednesday,Thursday,Friday,Saturday,Sunday",Belagavi;Bengaluru;Mangaluru,84,116,7h 30m,10:30 PM,USB;ReadingLight,15,Super Deluxe,Yes,Yes,7084856088,4.8,On time
KA-87-9448,KSRTC Sarige,Udupi,Mysuru,"Monday,Tuesday,Wednesday,Thursday,Friday,Saturday,Sunday",,363,568,9h 30m,06:45 AM,USB;ReadingLight,32,Airavat Club Class,Yes,No,7210673870,3.2,Weekend rush
KA-39-9575,KSRTC Airavat,Kalaburagi,Tumakuru,"Monday,Tuesday,Wednesday,Thursday,Friday,Saturday,Sunday",,227,264,6h 15m,03:45 PM,USB;ReadingLight,24,Super Deluxe,Yes,Yes,7690370683,4.9,On time
KA-22-4853,KSRTC Sarige,Mysuru,Tumakuru,"Monday,Tuesday,Wednesday,Thursday,Friday,Saturday,Sunday",Udupi,57,80,8h 45m,06:00 PM,WiFi;USB,27,Volvo,Yes,No,6392731828,2.6,Delayed
KA-46-5323,KSRTC Sarige,Mysuru,Hubballi,"Monday,Tuesday,Wednesday,Thursday,Friday,Saturday,Sunday",,398,480,7h 45m,02:30 PM,WiFi;Charging,16,Airavat Club Class,Yes,No,8011497863,3.6,On time
KA-46-2683,VRL Travels,Mysuru,Belagavi,"Monday,Tuesday,Wednesday,Thursday,Friday,Saturday,Sunday",Shivamogga;Hubballi,272,329,7h 30m,12:15 AM,WiFi;Charging,10,Airavat Club Class,Yes,Yes,8271011767,5.0,
KA-54-8237,KSRTC Airavat Club Class,Mangaluru,Davanagere,"Monday,Tuesday,Wednesday,Thursday,Friday,Saturday,Sunday",,92,102,5h 45m,02:45 AM,GPS;LiveTracking,8,Non-Stop,Yes,Yes,6420135120,4.8,Weekend rush
KA-39-4540,SRS Travels,Udupi,Mysuru,"Monday,Tuesday,Wednesday,Thursday,Friday,Saturday,Sunday",Tumakuru;Belagavi,351,316,6h 0m,07:15 AM,WiFi;Charging,13,Express,No,No,7909615573,4.9,Weekend rush
KA-24-4069,KSRTC Airavat Club Class,Hubballi,Mangaluru,"Monday,Tuesday,Wednesday,Thursday,Friday,Saturday,Sunday",Mysuru,242,242,6h 45m,11:00 PM,USB;ReadingLight,8,Super Deluxe,No,No,7068567649,4.4,On time
KA-17-6563,KSRTC Sarige,Bengaluru,Mangaluru,"Monday,Tuesday,Wednesday,Thursday,Friday,Saturday,Sunday",,240,196,9h 45m,03:30 PM,WiFi;USB,28,Non-Stop,No,No,9321624406,3.1,Weekend rush
KA-17-1973,VRL Travels,Tumakuru,Udupi,"Monday,Tuesday,Wednesday,Thursday,Friday,Saturday,Sunday",Davanagere,344,312,7h 45m,08:15 AM,GPS;LiveTracking,44,Volvo,Yes,Yes,6913533624,4.0,
KA-03-5909,KSRTC Rajahamsa,Bengaluru,Mangaluru,"Monday,Tuesday,Wednesday,Thursday,Friday,Saturday,Sunday",Belagavi;Udupi;Tumakuru,368,508,6h 15m,09:15 PM,Charging;LiveTracking,55,Volvo,No,No,6658996489,3.3,
KA-10-5756,KSRTC Ambaari Dreamliner,Mysuru,Shivamogga,"Monday,Tuesday,Wednesday,Thursday,Friday,Saturday,Sunday",,338,457,7h 45m,11:45 PM,ReadingLight;Charging,55,Express,Yes,No,7714332184,3.2,Weekend rush
KA-09-6767,KSRTC Rajahamsa,Shivamogga,Kalaburagi,"Monday,Tuesday,Wednesday,Thursday,Friday,Saturday,Sunday",,233,347,5h 0m,01:30 PM,ReadingLight;Charging,40,Airavat Club Class,Yes,No,8690063750,2.6,Weekend rush
KA-08-1441,SRS Travels,Shivamogga,Kalaburagi,"Monday,Tuesday,Wednesday,Thursday,Friday,Saturday,Sunday",Tumakuru;Udupi,348,341,10h 0m,01:30 PM,USB;ReadingLight,16,Volvo,Yes,No,8528247468,3.9,On time
KA-58-7795,SRS Travels,Kalaburagi,Tumakuru,"Monday,Tuesday,Wednesday,Thursday,Friday,Saturday,Sunday",Davanagere;Mangaluru;Hubballi,287,286,8h 30m,03:45 PM,WiFi;Charging,47,Super Deluxe,Yes,No,6870179050,3.4,Weekend rush
KA-10-3435,KSRTC Rajahamsa,Mangaluru,Mysuru,"Monday,Tuesday,Wednesday,Thursday,Friday,Saturday,Sunday",,142,213,4h 0m,03:00 PM,USB;ReadingLight,42,Volvo,Yes,No,7787933856,3.4,On time
KA-67-9976,KSRTC Airavat,Bengaluru,Belagavi,"Monday,Tuesday,Wednesday,Thursday,Friday,Saturday,Sunday",Mangaluru,61,80,5h 30m,12:30 PM,WiFi;USB,45,Express,No,No,7004789740,4.3,Weekend rush
KA-84-6849,KSRTC Airavat,Shivamogga,Tumakuru,"Monday,Tuesday,Wednesday,Thursday,Friday,Saturday,Sunday",Belagavi;Bengaluru,256,248,4h 0m,03:30 PM,GPS;LiveTracking,30,Volvo,Yes,No,7314294468,4.6,
